,mOTU
NoMOTU,43114
COMPLETE-SET-AND-BULK_mOTU_285,237
COMPLETE-SET-AND-BULK_mOTU_426,176
COMPLETE-SET-AND-BULK_mOTU_024,155
COMPLETE-SET-AND-BULK_mOTU_356,150
COMPLETE-SET-AND-BULK_mOTU_125,138
COMPLETE-SET-AND-BULK_mOTU_146,130
COMPLETE-SET-AND-BULK_mOTU_357,125
COMPLETE-SET-AND-BULK_mOTU_359,118
COMPLETE-SET-AND-BULK_mOTU_045,114
COMPLETE-SET-AND-BULK_mOTU_130,110
COMPLETE-SET-AND-BULK_mOTU_397,110
COMPLETE-SET-AND-BULK_mOTU_155,107
COMPLETE-SET-AND-BULK_mOTU_609,106
COMPLETE-SET-AND-BULK_mOTU_697,99
COMPLETE-SET-AND-BULK_mOTU_180,92
COMPLETE-SET-AND-BULK_mOTU_175,88
COMPLETE-SET-AND-BULK_mOTU_253,88
COMPLETE-SET-AND-BULK_mOTU_236,82
COMPLETE-SET-AND-BULK_mOTU_377,79
COMPLETE-SET-AND-BULK_mOTU_039,78
COMPLETE-SET-AND-BULK_mOTU_325,78
COMPLETE-SET-AND-BULK_mOTU_791,77
COMPLETE-SET-AND-BULK_mOTU_425,76
COMPLETE-SET-AND-BULK_mOTU_381,76
COMPLETE-SET-AND-BULK_mOTU_038,74
COMPLETE-SET-AND-BULK_mOTU_219,73
COMPLETE-SET-AND-BULK_mOTU_003,70
COMPLETE-SET-AND-BULK_mOTU_739,69
COMPLETE-SET-AND-BULK_mOTU_026,67
COMPLETE-SET-AND-BULK_mOTU_589,61
COMPLETE-SET-AND-BULK_mOTU_670,61
COMPLETE-SET-AND-BULK_mOTU_007,60
COMPLETE-SET-AND-BULK_mOTU_461,56
COMPLETE-SET-AND-BULK_mOTU_787,56
COMPLETE-SET-AND-BULK_mOTU_011,54
COMPLETE-SET-AND-BULK_mOTU_021,51
COMPLETE-SET-AND-BULK_mOTU_005,51
COMPLETE-SET-AND-BULK_mOTU_627,50
COMPLETE-SET-AND-BULK_mOTU_034,50
COMPLETE-SET-AND-BULK_mOTU_512,50
COMPLETE-SET-AND-BULK_mOTU_043,50
COMPLETE-SET-AND-BULK_mOTU_096,50
COMPLETE-SET-AND-BULK_mOTU_520,49
COMPLETE-SET-AND-BULK_mOTU_152,49
COMPLETE-SET-AND-BULK_mOTU_312,48
COMPLETE-SET-AND-BULK_mOTU_099,47
COMPLETE-SET-AND-BULK_mOTU_188,47
COMPLETE-SET-AND-BULK_mOTU_475,46
COMPLETE-SET-AND-BULK_mOTU_907,44
COMPLETE-SET-AND-BULK_mOTU_262,44
COMPLETE-SET-AND-BULK_mOTU_466,43
COMPLETE-SET-AND-BULK_mOTU_330,43
COMPLETE-SET-AND-BULK_mOTU_104,43
COMPLETE-SET-AND-BULK_mOTU_095,40
COMPLETE-SET-AND-BULK_mOTU_848,40
COMPLETE-SET-AND-BULK_mOTU_603,40
COMPLETE-SET-AND-BULK_mOTU_335,39
COMPLETE-SET-AND-BULK_mOTU_250,39
COMPLETE-SET-AND-BULK_mOTU_035,39
COMPLETE-SET-AND-BULK_mOTU_355,37
COMPLETE-SET-AND-BULK_mOTU_770,37
COMPLETE-SET-AND-BULK_mOTU_062,37
COMPLETE-SET-AND-BULK_mOTU_265,36
COMPLETE-SET-AND-BULK_mOTU_701,35
COMPLETE-SET-AND-BULK_mOTU_244,35
COMPLETE-SET-AND-BULK_mOTU_223,35
COMPLETE-SET-AND-BULK_mOTU_427,35
COMPLETE-SET-AND-BULK_mOTU_019,35
COMPLETE-SET-AND-BULK_mOTU_579,34
COMPLETE-SET-AND-BULK_mOTU_894,34
COMPLETE-SET-AND-BULK_mOTU_658,34
COMPLETE-SET-AND-BULK_mOTU_334,33
COMPLETE-SET-AND-BULK_mOTU_203,33
COMPLETE-SET-AND-BULK_mOTU_094,33
COMPLETE-SET-AND-BULK_mOTU_647,33
COMPLETE-SET-AND-BULK_mOTU_179,33
COMPLETE-SET-AND-BULK_mOTU_010,32
COMPLETE-SET-AND-BULK_mOTU_865,32
COMPLETE-SET-AND-BULK_mOTU_272,32
COMPLETE-SET-AND-BULK_mOTU_064,31
COMPLETE-SET-AND-BULK_mOTU_268,31
COMPLETE-SET-AND-BULK_mOTU_595,31
COMPLETE-SET-AND-BULK_mOTU_565,31
COMPLETE-SET-AND-BULK_mOTU_508,30
COMPLETE-SET-AND-BULK_mOTU_324,30
COMPLETE-SET-AND-BULK_mOTU_086,30
COMPLETE-SET-AND-BULK_mOTU_041,29
COMPLETE-SET-AND-BULK_mOTU_001,29
COMPLETE-SET-AND-BULK_mOTU_085,28
COMPLETE-SET-AND-BULK_mOTU_060,28
COMPLETE-SET-AND-BULK_mOTU_205,28
COMPLETE-SET-AND-BULK_mOTU_008,28
COMPLETE-SET-AND-BULK_mOTU_020,28
COMPLETE-SET-AND-BULK_mOTU_136,27
COMPLETE-SET-AND-BULK_mOTU_215,27
COMPLETE-SET-AND-BULK_mOTU_368,27
COMPLETE-SET-AND-BULK_mOTU_361,27
COMPLETE-SET-AND-BULK_mOTU_366,27
COMPLETE-SET-AND-BULK_mOTU_183,27
COMPLETE-SET-AND-BULK_mOTU_243,27
COMPLETE-SET-AND-BULK_mOTU_080,26
COMPLETE-SET-AND-BULK_mOTU_631,26
COMPLETE-SET-AND-BULK_mOTU_416,25
COMPLETE-SET-AND-BULK_mOTU_091,25
COMPLETE-SET-AND-BULK_mOTU_143,25
COMPLETE-SET-AND-BULK_mOTU_758,25
COMPLETE-SET-AND-BULK_mOTU_753,25
COMPLETE-SET-AND-BULK_mOTU_606,25
COMPLETE-SET-AND-BULK_mOTU_055,25
COMPLETE-SET-AND-BULK_mOTU_098,24
COMPLETE-SET-AND-BULK_mOTU_300,24
COMPLETE-SET-AND-BULK_mOTU_638,23
COMPLETE-SET-AND-BULK_mOTU_220,23
COMPLETE-SET-AND-BULK_mOTU_046,23
COMPLETE-SET-AND-BULK_mOTU_029,23
COMPLETE-SET-AND-BULK_mOTU_517,23
COMPLETE-SET-AND-BULK_mOTU_040,23
COMPLETE-SET-AND-BULK_mOTU_292,23
COMPLETE-SET-AND-BULK_mOTU_129,23
COMPLETE-SET-AND-BULK_mOTU_184,22
COMPLETE-SET-AND-BULK_mOTU_139,22
COMPLETE-SET-AND-BULK_mOTU_061,22
COMPLETE-SET-AND-BULK_mOTU_225,22
COMPLETE-SET-AND-BULK_mOTU_237,22
COMPLETE-SET-AND-BULK_mOTU_247,21
COMPLETE-SET-AND-BULK_mOTU_264,21
COMPLETE-SET-AND-BULK_mOTU_162,21
COMPLETE-SET-AND-BULK_mOTU_248,21
COMPLETE-SET-AND-BULK_mOTU_182,21
COMPLETE-SET-AND-BULK_mOTU_308,21
COMPLETE-SET-AND-BULK_mOTU_216,21
COMPLETE-SET-AND-BULK_mOTU_192,20
COMPLETE-SET-AND-BULK_mOTU_222,20
COMPLETE-SET-AND-BULK_mOTU_391,20
COMPLETE-SET-AND-BULK_mOTU_282,20
COMPLETE-SET-AND-BULK_mOTU_088,20
COMPLETE-SET-AND-BULK_mOTU_541,20
COMPLETE-SET-AND-BULK_mOTU_661,20
COMPLETE-SET-AND-BULK_mOTU_059,20
COMPLETE-SET-AND-BULK_mOTU_197,19
COMPLETE-SET-AND-BULK_mOTU_120,19
COMPLETE-SET-AND-BULK_mOTU_212,19
COMPLETE-SET-AND-BULK_mOTU_349,19
COMPLETE-SET-AND-BULK_mOTU_157,19
COMPLETE-SET-AND-BULK_mOTU_054,19
COMPLETE-SET-AND-BULK_mOTU_221,19
COMPLETE-SET-AND-BULK_mOTU_239,19
COMPLETE-SET-AND-BULK_mOTU_210,19
COMPLETE-SET-AND-BULK_mOTU_704,19
COMPLETE-SET-AND-BULK_mOTU_552,19
COMPLETE-SET-AND-BULK_mOTU_491,18
COMPLETE-SET-AND-BULK_mOTU_406,18
COMPLETE-SET-AND-BULK_mOTU_147,18
COMPLETE-SET-AND-BULK_mOTU_284,18
COMPLETE-SET-AND-BULK_mOTU_018,18
COMPLETE-SET-AND-BULK_mOTU_107,18
COMPLETE-SET-AND-BULK_mOTU_687,18
COMPLETE-SET-AND-BULK_mOTU_531,18
COMPLETE-SET-AND-BULK_mOTU_004,18
COMPLETE-SET-AND-BULK_mOTU_304,18
COMPLETE-SET-AND-BULK_mOTU_240,18
COMPLETE-SET-AND-BULK_mOTU_189,18
COMPLETE-SET-AND-BULK_mOTU_888,18
COMPLETE-SET-AND-BULK_mOTU_642,17
COMPLETE-SET-AND-BULK_mOTU_101,17
COMPLETE-SET-AND-BULK_mOTU_106,17
COMPLETE-SET-AND-BULK_mOTU_431,17
COMPLETE-SET-AND-BULK_mOTU_364,17
COMPLETE-SET-AND-BULK_mOTU_664,17
COMPLETE-SET-AND-BULK_mOTU_516,17
COMPLETE-SET-AND-BULK_mOTU_903,17
COMPLETE-SET-AND-BULK_mOTU_245,17
COMPLETE-SET-AND-BULK_mOTU_394,16
COMPLETE-SET-AND-BULK_mOTU_077,16
COMPLETE-SET-AND-BULK_mOTU_227,16
COMPLETE-SET-AND-BULK_mOTU_112,16
COMPLETE-SET-AND-BULK_mOTU_343,16
COMPLETE-SET-AND-BULK_mOTU_660,16
COMPLETE-SET-AND-BULK_mOTU_081,15
COMPLETE-SET-AND-BULK_mOTU_137,15
COMPLETE-SET-AND-BULK_mOTU_108,15
COMPLETE-SET-AND-BULK_mOTU_327,15
COMPLETE-SET-AND-BULK_mOTU_342,15
COMPLETE-SET-AND-BULK_mOTU_617,15
COMPLETE-SET-AND-BULK_mOTU_667,14
COMPLETE-SET-AND-BULK_mOTU_117,14
COMPLETE-SET-AND-BULK_mOTU_231,14
COMPLETE-SET-AND-BULK_mOTU_151,14
COMPLETE-SET-AND-BULK_mOTU_473,14
COMPLETE-SET-AND-BULK_mOTU_421,14
COMPLETE-SET-AND-BULK_mOTU_539,14
COMPLETE-SET-AND-BULK_mOTU_408,14
COMPLETE-SET-AND-BULK_mOTU_068,14
COMPLETE-SET-AND-BULK_mOTU_067,14
COMPLETE-SET-AND-BULK_mOTU_002,14
COMPLETE-SET-AND-BULK_mOTU_815,14
COMPLETE-SET-AND-BULK_mOTU_287,14
COMPLETE-SET-AND-BULK_mOTU_323,14
COMPLETE-SET-AND-BULK_mOTU_354,14
COMPLETE-SET-AND-BULK_mOTU_193,13
COMPLETE-SET-AND-BULK_mOTU_835,13
COMPLETE-SET-AND-BULK_mOTU_217,13
COMPLETE-SET-AND-BULK_mOTU_208,13
COMPLETE-SET-AND-BULK_mOTU_367,13
COMPLETE-SET-AND-BULK_mOTU_365,13
COMPLETE-SET-AND-BULK_mOTU_877,13
COMPLETE-SET-AND-BULK_mOTU_123,13
COMPLETE-SET-AND-BULK_mOTU_374,13
COMPLETE-SET-AND-BULK_mOTU_172,13
COMPLETE-SET-AND-BULK_mOTU_731,13
COMPLETE-SET-AND-BULK_mOTU_519,12
COMPLETE-SET-AND-BULK_mOTU_709,12
COMPLETE-SET-AND-BULK_mOTU_016,12
COMPLETE-SET-AND-BULK_mOTU_353,12
COMPLETE-SET-AND-BULK_mOTU_674,12
COMPLETE-SET-AND-BULK_mOTU_677,12
COMPLETE-SET-AND-BULK_mOTU_288,12
COMPLETE-SET-AND-BULK_mOTU_879,12
COMPLETE-SET-AND-BULK_mOTU_472,12
COMPLETE-SET-AND-BULK_mOTU_746,12
COMPLETE-SET-AND-BULK_mOTU_232,12
COMPLETE-SET-AND-BULK_mOTU_656,12
COMPLETE-SET-AND-BULK_mOTU_115,11
COMPLETE-SET-AND-BULK_mOTU_279,11
COMPLETE-SET-AND-BULK_mOTU_523,11
COMPLETE-SET-AND-BULK_mOTU_671,11
COMPLETE-SET-AND-BULK_mOTU_109,11
COMPLETE-SET-AND-BULK_mOTU_585,11
COMPLETE-SET-AND-BULK_mOTU_065,11
COMPLETE-SET-AND-BULK_mOTU_825,11
COMPLETE-SET-AND-BULK_mOTU_071,11
COMPLETE-SET-AND-BULK_mOTU_049,11
COMPLETE-SET-AND-BULK_mOTU_298,11
COMPLETE-SET-AND-BULK_mOTU_278,11
COMPLETE-SET-AND-BULK_mOTU_404,10
COMPLETE-SET-AND-BULK_mOTU_271,10
COMPLETE-SET-AND-BULK_mOTU_352,10
COMPLETE-SET-AND-BULK_mOTU_793,10
COMPLETE-SET-AND-BULK_mOTU_144,10
COMPLETE-SET-AND-BULK_mOTU_276,10
COMPLETE-SET-AND-BULK_mOTU_275,10
COMPLETE-SET-AND-BULK_mOTU_263,10
COMPLETE-SET-AND-BULK_mOTU_083,10
COMPLETE-SET-AND-BULK_mOTU_209,10
COMPLETE-SET-AND-BULK_mOTU_100,10
COMPLETE-SET-AND-BULK_mOTU_763,10
COMPLETE-SET-AND-BULK_mOTU_321,9
COMPLETE-SET-AND-BULK_mOTU_853,9
COMPLETE-SET-AND-BULK_mOTU_649,9
COMPLETE-SET-AND-BULK_mOTU_030,9
COMPLETE-SET-AND-BULK_mOTU_440,9
COMPLETE-SET-AND-BULK_mOTU_154,9
COMPLETE-SET-AND-BULK_mOTU_463,9
COMPLETE-SET-AND-BULK_mOTU_311,9
COMPLETE-SET-AND-BULK_mOTU_358,9
COMPLETE-SET-AND-BULK_mOTU_438,9
COMPLETE-SET-AND-BULK_mOTU_511,9
COMPLETE-SET-AND-BULK_mOTU_261,9
COMPLETE-SET-AND-BULK_mOTU_256,9
COMPLETE-SET-AND-BULK_mOTU_134,9
COMPLETE-SET-AND-BULK_mOTU_124,9
COMPLETE-SET-AND-BULK_mOTU_789,9
COMPLETE-SET-AND-BULK_mOTU_465,9
COMPLETE-SET-AND-BULK_mOTU_513,9
COMPLETE-SET-AND-BULK_mOTU_654,9
COMPLETE-SET-AND-BULK_mOTU_842,9
COMPLETE-SET-AND-BULK_mOTU_211,9
COMPLETE-SET-AND-BULK_mOTU_571,8
COMPLETE-SET-AND-BULK_mOTU_161,8
COMPLETE-SET-AND-BULK_mOTU_122,8
COMPLETE-SET-AND-BULK_mOTU_214,8
COMPLETE-SET-AND-BULK_mOTU_544,8
COMPLETE-SET-AND-BULK_mOTU_167,8
COMPLETE-SET-AND-BULK_mOTU_683,8
COMPLETE-SET-AND-BULK_mOTU_444,8
COMPLETE-SET-AND-BULK_mOTU_255,8
COMPLETE-SET-AND-BULK_mOTU_856,8
COMPLETE-SET-AND-BULK_mOTU_748,8
COMPLETE-SET-AND-BULK_mOTU_436,8
COMPLETE-SET-AND-BULK_mOTU_378,8
COMPLETE-SET-AND-BULK_mOTU_540,8
COMPLETE-SET-AND-BULK_mOTU_798,8
COMPLETE-SET-AND-BULK_mOTU_170,8
COMPLETE-SET-AND-BULK_mOTU_126,8
COMPLETE-SET-AND-BULK_mOTU_495,8
COMPLETE-SET-AND-BULK_mOTU_164,8
COMPLETE-SET-AND-BULK_mOTU_418,8
COMPLETE-SET-AND-BULK_mOTU_235,8
COMPLETE-SET-AND-BULK_mOTU_273,8
COMPLETE-SET-AND-BULK_mOTU_403,8
COMPLETE-SET-AND-BULK_mOTU_693,8
COMPLETE-SET-AND-BULK_mOTU_031,8
COMPLETE-SET-AND-BULK_mOTU_504,8
COMPLETE-SET-AND-BULK_mOTU_076,8
COMPLETE-SET-AND-BULK_mOTU_721,8
COMPLETE-SET-AND-BULK_mOTU_229,8
COMPLETE-SET-AND-BULK_mOTU_056,8
COMPLETE-SET-AND-BULK_mOTU_218,8
COMPLETE-SET-AND-BULK_mOTU_114,8
COMPLETE-SET-AND-BULK_mOTU_177,8
COMPLETE-SET-AND-BULK_mOTU_017,8
COMPLETE-SET-AND-BULK_mOTU_462,7
COMPLETE-SET-AND-BULK_mOTU_590,7
COMPLETE-SET-AND-BULK_mOTU_716,7
COMPLETE-SET-AND-BULK_mOTU_494,7
COMPLETE-SET-AND-BULK_mOTU_092,7
COMPLETE-SET-AND-BULK_mOTU_411,7
COMPLETE-SET-AND-BULK_mOTU_234,7
COMPLETE-SET-AND-BULK_mOTU_141,7
COMPLETE-SET-AND-BULK_mOTU_515,7
COMPLETE-SET-AND-BULK_mOTU_387,7
COMPLETE-SET-AND-BULK_mOTU_669,7
COMPLETE-SET-AND-BULK_mOTU_460,7
COMPLETE-SET-AND-BULK_mOTU_075,7
COMPLETE-SET-AND-BULK_mOTU_659,7
COMPLETE-SET-AND-BULK_mOTU_266,7
COMPLETE-SET-AND-BULK_mOTU_507,7
COMPLETE-SET-AND-BULK_mOTU_110,7
COMPLETE-SET-AND-BULK_mOTU_402,7
COMPLETE-SET-AND-BULK_mOTU_160,7
COMPLETE-SET-AND-BULK_mOTU_723,7
COMPLETE-SET-AND-BULK_mOTU_036,7
COMPLETE-SET-AND-BULK_mOTU_823,7
COMPLETE-SET-AND-BULK_mOTU_754,7
COMPLETE-SET-AND-BULK_mOTU_347,7
COMPLETE-SET-AND-BULK_mOTU_470,7
COMPLETE-SET-AND-BULK_mOTU_488,7
COMPLETE-SET-AND-BULK_mOTU_196,7
COMPLETE-SET-AND-BULK_mOTU_044,7
COMPLETE-SET-AND-BULK_mOTU_057,7
COMPLETE-SET-AND-BULK_mOTU_053,7
COMPLETE-SET-AND-BULK_mOTU_306,7
COMPLETE-SET-AND-BULK_mOTU_662,7
COMPLETE-SET-AND-BULK_mOTU_807,7
COMPLETE-SET-AND-BULK_mOTU_082,7
COMPLETE-SET-AND-BULK_mOTU_510,6
COMPLETE-SET-AND-BULK_mOTU_093,6
COMPLETE-SET-AND-BULK_mOTU_382,6
COMPLETE-SET-AND-BULK_mOTU_328,6
COMPLETE-SET-AND-BULK_mOTU_413,6
COMPLETE-SET-AND-BULK_mOTU_051,6
COMPLETE-SET-AND-BULK_mOTU_163,6
COMPLETE-SET-AND-BULK_mOTU_471,6
COMPLETE-SET-AND-BULK_mOTU_341,6
COMPLETE-SET-AND-BULK_mOTU_648,6
COMPLETE-SET-AND-BULK_mOTU_258,6
COMPLETE-SET-AND-BULK_mOTU_680,6
COMPLETE-SET-AND-BULK_mOTU_492,6
COMPLETE-SET-AND-BULK_mOTU_840,6
COMPLETE-SET-AND-BULK_mOTU_344,6
COMPLETE-SET-AND-BULK_mOTU_737,6
COMPLETE-SET-AND-BULK_mOTU_186,6
COMPLETE-SET-AND-BULK_mOTU_451,6
COMPLETE-SET-AND-BULK_mOTU_314,6
COMPLETE-SET-AND-BULK_mOTU_533,6
COMPLETE-SET-AND-BULK_mOTU_838,6
COMPLETE-SET-AND-BULK_mOTU_884,6
COMPLETE-SET-AND-BULK_mOTU_710,6
COMPLETE-SET-AND-BULK_mOTU_528,6
COMPLETE-SET-AND-BULK_mOTU_313,6
COMPLETE-SET-AND-BULK_mOTU_601,6
COMPLETE-SET-AND-BULK_mOTU_643,6
COMPLETE-SET-AND-BULK_mOTU_678,6
COMPLETE-SET-AND-BULK_mOTU_822,6
COMPLETE-SET-AND-BULK_mOTU_281,6
COMPLETE-SET-AND-BULK_mOTU_370,6
COMPLETE-SET-AND-BULK_mOTU_302,6
COMPLETE-SET-AND-BULK_mOTU_906,6
COMPLETE-SET-AND-BULK_mOTU_713,6
COMPLETE-SET-AND-BULK_mOTU_337,6
COMPLETE-SET-AND-BULK_mOTU_441,6
COMPLETE-SET-AND-BULK_mOTU_527,6
COMPLETE-SET-AND-BULK_mOTU_433,6
COMPLETE-SET-AND-BULK_mOTU_294,6
COMPLETE-SET-AND-BULK_mOTU_200,6
COMPLETE-SET-AND-BULK_mOTU_563,6
COMPLETE-SET-AND-BULK_mOTU_332,6
COMPLETE-SET-AND-BULK_mOTU_641,6
COMPLETE-SET-AND-BULK_mOTU_153,6
COMPLETE-SET-AND-BULK_mOTU_599,6
COMPLETE-SET-AND-BULK_mOTU_887,6
COMPLETE-SET-AND-BULK_mOTU_450,6
COMPLETE-SET-AND-BULK_mOTU_173,6
COMPLETE-SET-AND-BULK_mOTU_696,6
COMPLETE-SET-AND-BULK_mOTU_657,6
COMPLETE-SET-AND-BULK_mOTU_246,5
COMPLETE-SET-AND-BULK_mOTU_176,5
COMPLETE-SET-AND-BULK_mOTU_745,5
COMPLETE-SET-AND-BULK_mOTU_181,5
COMPLETE-SET-AND-BULK_mOTU_070,5
COMPLETE-SET-AND-BULK_mOTU_618,5
COMPLETE-SET-AND-BULK_mOTU_138,5
COMPLETE-SET-AND-BULK_mOTU_409,5
COMPLETE-SET-AND-BULK_mOTU_558,5
COMPLETE-SET-AND-BULK_mOTU_619,5
COMPLETE-SET-AND-BULK_mOTU_319,5
COMPLETE-SET-AND-BULK_mOTU_113,5
COMPLETE-SET-AND-BULK_mOTU_131,5
COMPLETE-SET-AND-BULK_mOTU_452,5
COMPLETE-SET-AND-BULK_mOTU_254,5
COMPLETE-SET-AND-BULK_mOTU_623,5
COMPLETE-SET-AND-BULK_mOTU_632,5
COMPLETE-SET-AND-BULK_mOTU_849,5
COMPLETE-SET-AND-BULK_mOTU_376,5
COMPLETE-SET-AND-BULK_mOTU_050,5
COMPLETE-SET-AND-BULK_mOTU_340,5
COMPLETE-SET-AND-BULK_mOTU_318,5
COMPLETE-SET-AND-BULK_mOTU_449,5
COMPLETE-SET-AND-BULK_mOTU_274,5
COMPLETE-SET-AND-BULK_mOTU_329,5
COMPLETE-SET-AND-BULK_mOTU_480,5
COMPLETE-SET-AND-BULK_mOTU_819,5
COMPLETE-SET-AND-BULK_mOTU_469,5
COMPLETE-SET-AND-BULK_mOTU_042,5
COMPLETE-SET-AND-BULK_mOTU_296,5
COMPLETE-SET-AND-BULK_mOTU_553,5
COMPLETE-SET-AND-BULK_mOTU_899,5
COMPLETE-SET-AND-BULK_mOTU_548,5
COMPLETE-SET-AND-BULK_mOTU_089,5
COMPLETE-SET-AND-BULK_mOTU_373,5
COMPLETE-SET-AND-BULK_mOTU_447,5
COMPLETE-SET-AND-BULK_mOTU_430,5
COMPLETE-SET-AND-BULK_mOTU_499,5
COMPLETE-SET-AND-BULK_mOTU_588,5
COMPLETE-SET-AND-BULK_mOTU_902,5
COMPLETE-SET-AND-BULK_mOTU_414,5
COMPLETE-SET-AND-BULK_mOTU_127,5
COMPLETE-SET-AND-BULK_mOTU_612,5
COMPLETE-SET-AND-BULK_mOTU_269,5
COMPLETE-SET-AND-BULK_mOTU_613,5
COMPLETE-SET-AND-BULK_mOTU_891,5
COMPLETE-SET-AND-BULK_mOTU_326,5
COMPLETE-SET-AND-BULK_mOTU_566,5
COMPLETE-SET-AND-BULK_mOTU_320,5
COMPLETE-SET-AND-BULK_mOTU_033,5
COMPLETE-SET-AND-BULK_mOTU_315,4
COMPLETE-SET-AND-BULK_mOTU_733,4
COMPLETE-SET-AND-BULK_mOTU_483,4
COMPLETE-SET-AND-BULK_mOTU_290,4
COMPLETE-SET-AND-BULK_mOTU_213,4
COMPLETE-SET-AND-BULK_mOTU_392,4
COMPLETE-SET-AND-BULK_mOTU_006,4
COMPLETE-SET-AND-BULK_mOTU_555,4
COMPLETE-SET-AND-BULK_mOTU_635,4
COMPLETE-SET-AND-BULK_mOTU_270,4
COMPLETE-SET-AND-BULK_mOTU_251,4
COMPLETE-SET-AND-BULK_mOTU_816,4
COMPLETE-SET-AND-BULK_mOTU_597,4
COMPLETE-SET-AND-BULK_mOTU_836,4
COMPLETE-SET-AND-BULK_mOTU_521,4
COMPLETE-SET-AND-BULK_mOTU_149,4
COMPLETE-SET-AND-BULK_mOTU_432,4
COMPLETE-SET-AND-BULK_mOTU_230,4
COMPLETE-SET-AND-BULK_mOTU_047,4
COMPLETE-SET-AND-BULK_mOTU_058,4
COMPLETE-SET-AND-BULK_mOTU_775,4
COMPLETE-SET-AND-BULK_mOTU_611,4
COMPLETE-SET-AND-BULK_mOTU_675,4
COMPLETE-SET-AND-BULK_mOTU_535,4
COMPLETE-SET-AND-BULK_mOTU_509,4
COMPLETE-SET-AND-BULK_mOTU_291,4
COMPLETE-SET-AND-BULK_mOTU_174,4
COMPLETE-SET-AND-BULK_mOTU_869,4
COMPLETE-SET-AND-BULK_mOTU_132,4
COMPLETE-SET-AND-BULK_mOTU_616,4
COMPLETE-SET-AND-BULK_mOTU_455,4
COMPLETE-SET-AND-BULK_mOTU_794,4
COMPLETE-SET-AND-BULK_mOTU_350,4
COMPLETE-SET-AND-BULK_mOTU_783,4
COMPLETE-SET-AND-BULK_mOTU_283,4
COMPLETE-SET-AND-BULK_mOTU_837,4
COMPLETE-SET-AND-BULK_mOTU_121,4
COMPLETE-SET-AND-BULK_mOTU_398,4
COMPLETE-SET-AND-BULK_mOTU_688,4
COMPLETE-SET-AND-BULK_mOTU_583,4
COMPLETE-SET-AND-BULK_mOTU_537,4
COMPLETE-SET-AND-BULK_mOTU_224,4
COMPLETE-SET-AND-BULK_mOTU_756,4
COMPLETE-SET-AND-BULK_mOTU_833,4
COMPLETE-SET-AND-BULK_mOTU_859,4
COMPLETE-SET-AND-BULK_mOTU_636,4
COMPLETE-SET-AND-BULK_mOTU_500,4
COMPLETE-SET-AND-BULK_mOTU_066,4
COMPLETE-SET-AND-BULK_mOTU_423,3
COMPLETE-SET-AND-BULK_mOTU_150,3
COMPLETE-SET-AND-BULK_mOTU_801,3
COMPLETE-SET-AND-BULK_mOTU_111,3
COMPLETE-SET-AND-BULK_mOTU_116,3
COMPLETE-SET-AND-BULK_mOTU_803,3
COMPLETE-SET-AND-BULK_mOTU_878,3
COMPLETE-SET-AND-BULK_mOTU_037,3
COMPLETE-SET-AND-BULK_mOTU_384,3
COMPLETE-SET-AND-BULK_mOTU_665,3
COMPLETE-SET-AND-BULK_mOTU_682,3
COMPLETE-SET-AND-BULK_mOTU_554,3
COMPLETE-SET-AND-BULK_mOTU_148,3
COMPLETE-SET-AND-BULK_mOTU_014,3
COMPLETE-SET-AND-BULK_mOTU_715,3
COMPLETE-SET-AND-BULK_mOTU_442,3
COMPLETE-SET-AND-BULK_mOTU_336,3
COMPLETE-SET-AND-BULK_mOTU_575,3
COMPLETE-SET-AND-BULK_mOTU_532,3
COMPLETE-SET-AND-BULK_mOTU_293,3
COMPLETE-SET-AND-BULK_mOTU_417,3
COMPLETE-SET-AND-BULK_mOTU_476,3
COMPLETE-SET-AND-BULK_mOTU_481,3
COMPLETE-SET-AND-BULK_mOTU_736,3
COMPLETE-SET-AND-BULK_mOTU_437,3
COMPLETE-SET-AND-BULK_mOTU_474,3
COMPLETE-SET-AND-BULK_mOTU_545,3
COMPLETE-SET-AND-BULK_mOTU_729,3
COMPLETE-SET-AND-BULK_mOTU_805,3
COMPLETE-SET-AND-BULK_mOTU_022,3
COMPLETE-SET-AND-BULK_mOTU_257,3
COMPLETE-SET-AND-BULK_mOTU_705,3
COMPLETE-SET-AND-BULK_mOTU_482,3
COMPLETE-SET-AND-BULK_mOTU_032,3
COMPLETE-SET-AND-BULK_mOTU_577,3
COMPLETE-SET-AND-BULK_mOTU_653,3
COMPLETE-SET-AND-BULK_mOTU_009,3
COMPLETE-SET-AND-BULK_mOTU_238,3
COMPLETE-SET-AND-BULK_mOTU_889,3
COMPLETE-SET-AND-BULK_mOTU_908,3
COMPLETE-SET-AND-BULK_mOTU_581,3
COMPLETE-SET-AND-BULK_mOTU_861,3
COMPLETE-SET-AND-BULK_mOTU_843,3
COMPLETE-SET-AND-BULK_mOTU_797,3
COMPLETE-SET-AND-BULK_mOTU_434,3
COMPLETE-SET-AND-BULK_mOTU_747,3
COMPLETE-SET-AND-BULK_mOTU_405,3
COMPLETE-SET-AND-BULK_mOTU_788,3
COMPLETE-SET-AND-BULK_mOTU_097,3
COMPLETE-SET-AND-BULK_mOTU_854,3
COMPLETE-SET-AND-BULK_mOTU_297,3
COMPLETE-SET-AND-BULK_mOTU_380,3
COMPLETE-SET-AND-BULK_mOTU_767,3
COMPLETE-SET-AND-BULK_mOTU_206,3
COMPLETE-SET-AND-BULK_mOTU_538,3
COMPLETE-SET-AND-BULK_mOTU_564,3
COMPLETE-SET-AND-BULK_mOTU_102,3
COMPLETE-SET-AND-BULK_mOTU_446,3
COMPLETE-SET-AND-BULK_mOTU_310,3
COMPLETE-SET-AND-BULK_mOTU_559,3
COMPLETE-SET-AND-BULK_mOTU_439,3
COMPLETE-SET-AND-BULK_mOTU_604,3
COMPLETE-SET-AND-BULK_mOTU_301,3
COMPLETE-SET-AND-BULK_mOTU_811,3
COMPLETE-SET-AND-BULK_mOTU_679,3
COMPLETE-SET-AND-BULK_mOTU_015,3
COMPLETE-SET-AND-BULK_mOTU_732,3
COMPLETE-SET-AND-BULK_mOTU_524,3
COMPLETE-SET-AND-BULK_mOTU_069,3
COMPLETE-SET-AND-BULK_mOTU_277,3
COMPLETE-SET-AND-BULK_mOTU_198,3
COMPLETE-SET-AND-BULK_mOTU_165,3
COMPLETE-SET-AND-BULK_mOTU_226,3
COMPLETE-SET-AND-BULK_mOTU_690,3
COMPLETE-SET-AND-BULK_mOTU_369,3
COMPLETE-SET-AND-BULK_mOTU_645,3
COMPLETE-SET-AND-BULK_mOTU_776,3
COMPLETE-SET-AND-BULK_mOTU_187,3
COMPLETE-SET-AND-BULK_mOTU_755,3
COMPLETE-SET-AND-BULK_mOTU_846,3
COMPLETE-SET-AND-BULK_mOTU_502,3
COMPLETE-SET-AND-BULK_mOTU_610,3
COMPLETE-SET-AND-BULK_mOTU_178,3
COMPLETE-SET-AND-BULK_mOTU_477,3
COMPLETE-SET-AND-BULK_mOTU_195,3
COMPLETE-SET-AND-BULK_mOTU_872,3
COMPLETE-SET-AND-BULK_mOTU_289,3
COMPLETE-SET-AND-BULK_mOTU_826,3
COMPLETE-SET-AND-BULK_mOTU_886,2
COMPLETE-SET-AND-BULK_mOTU_720,2
COMPLETE-SET-AND-BULK_mOTU_875,2
COMPLETE-SET-AND-BULK_mOTU_802,2
COMPLETE-SET-AND-BULK_mOTU_847,2
COMPLETE-SET-AND-BULK_mOTU_171,2
COMPLETE-SET-AND-BULK_mOTU_812,2
COMPLETE-SET-AND-BULK_mOTU_385,2
COMPLETE-SET-AND-BULK_mOTU_569,2
COMPLETE-SET-AND-BULK_mOTU_587,2
COMPLETE-SET-AND-BULK_mOTU_684,2
COMPLETE-SET-AND-BULK_mOTU_717,2
COMPLETE-SET-AND-BULK_mOTU_503,2
COMPLETE-SET-AND-BULK_mOTU_351,2
COMPLETE-SET-AND-BULK_mOTU_529,2
COMPLETE-SET-AND-BULK_mOTU_676,2
COMPLETE-SET-AND-BULK_mOTU_760,2
COMPLETE-SET-AND-BULK_mOTU_145,2
COMPLETE-SET-AND-BULK_mOTU_766,2
COMPLETE-SET-AND-BULK_mOTU_596,2
COMPLETE-SET-AND-BULK_mOTU_844,2
COMPLETE-SET-AND-BULK_mOTU_893,2
COMPLETE-SET-AND-BULK_mOTU_759,2
COMPLETE-SET-AND-BULK_mOTU_103,2
COMPLETE-SET-AND-BULK_mOTU_818,2
COMPLETE-SET-AND-BULK_mOTU_744,2
COMPLETE-SET-AND-BULK_mOTU_185,2
COMPLETE-SET-AND-BULK_mOTU_574,2
COMPLETE-SET-AND-BULK_mOTU_620,2
COMPLETE-SET-AND-BULK_mOTU_199,2
COMPLETE-SET-AND-BULK_mOTU_079,2
COMPLETE-SET-AND-BULK_mOTU_866,2
COMPLETE-SET-AND-BULK_mOTU_695,2
COMPLETE-SET-AND-BULK_mOTU_448,2
COMPLETE-SET-AND-BULK_mOTU_646,2
COMPLETE-SET-AND-BULK_mOTU_317,2
COMPLETE-SET-AND-BULK_mOTU_586,2
COMPLETE-SET-AND-BULK_mOTU_885,2
COMPLETE-SET-AND-BULK_mOTU_689,2
COMPLETE-SET-AND-BULK_mOTU_424,2
COMPLETE-SET-AND-BULK_mOTU_786,2
COMPLETE-SET-AND-BULK_mOTU_158,2
COMPLETE-SET-AND-BULK_mOTU_419,2
COMPLETE-SET-AND-BULK_mOTU_346,2
COMPLETE-SET-AND-BULK_mOTU_496,2
COMPLETE-SET-AND-BULK_mOTU_395,2
COMPLETE-SET-AND-BULK_mOTU_814,2
COMPLETE-SET-AND-BULK_mOTU_672,2
COMPLETE-SET-AND-BULK_mOTU_386,2
COMPLETE-SET-AND-BULK_mOTU_880,2
COMPLETE-SET-AND-BULK_mOTU_142,2
COMPLETE-SET-AND-BULK_mOTU_456,2
COMPLETE-SET-AND-BULK_mOTU_622,2
COMPLETE-SET-AND-BULK_mOTU_764,2
COMPLETE-SET-AND-BULK_mOTU_420,2
COMPLETE-SET-AND-BULK_mOTU_615,2
COMPLETE-SET-AND-BULK_mOTU_371,2
COMPLETE-SET-AND-BULK_mOTU_307,2
COMPLETE-SET-AND-BULK_mOTU_820,2
COMPLETE-SET-AND-BULK_mOTU_428,2
COMPLETE-SET-AND-BULK_mOTU_867,2
COMPLETE-SET-AND-BULK_mOTU_280,2
COMPLETE-SET-AND-BULK_mOTU_633,2
COMPLETE-SET-AND-BULK_mOTU_396,2
COMPLETE-SET-AND-BULK_mOTU_634,2
COMPLETE-SET-AND-BULK_mOTU_743,2
COMPLETE-SET-AND-BULK_mOTU_580,2
COMPLETE-SET-AND-BULK_mOTU_562,2
COMPLETE-SET-AND-BULK_mOTU_303,2
COMPLETE-SET-AND-BULK_mOTU_133,2
COMPLETE-SET-AND-BULK_mOTU_568,2
COMPLETE-SET-AND-BULK_mOTU_453,2
COMPLETE-SET-AND-BULK_mOTU_806,2
COMPLETE-SET-AND-BULK_mOTU_390,2
COMPLETE-SET-AND-BULK_mOTU_135,2
COMPLETE-SET-AND-BULK_mOTU_410,2
COMPLETE-SET-AND-BULK_mOTU_782,2
COMPLETE-SET-AND-BULK_mOTU_735,2
COMPLETE-SET-AND-BULK_mOTU_388,2
COMPLETE-SET-AND-BULK_mOTU_233,2
COMPLETE-SET-AND-BULK_mOTU_742,2
COMPLETE-SET-AND-BULK_mOTU_400,2
COMPLETE-SET-AND-BULK_mOTU_750,2
COMPLETE-SET-AND-BULK_mOTU_338,2
COMPLETE-SET-AND-BULK_mOTU_624,2
COMPLETE-SET-AND-BULK_mOTU_768,2
COMPLETE-SET-AND-BULK_mOTU_780,2
COMPLETE-SET-AND-BULK_mOTU_650,2
COMPLETE-SET-AND-BULK_mOTU_362,2
COMPLETE-SET-AND-BULK_mOTU_194,2
COMPLETE-SET-AND-BULK_mOTU_546,2
COMPLETE-SET-AND-BULK_mOTU_772,2
COMPLETE-SET-AND-BULK_mOTU_858,2
COMPLETE-SET-AND-BULK_mOTU_536,2
COMPLETE-SET-AND-BULK_mOTU_719,2
COMPLETE-SET-AND-BULK_mOTU_525,2
COMPLETE-SET-AND-BULK_mOTU_498,2
COMPLETE-SET-AND-BULK_mOTU_228,2
COMPLETE-SET-AND-BULK_mOTU_445,2
COMPLETE-SET-AND-BULK_mOTU_663,2
COMPLETE-SET-AND-BULK_mOTU_698,2
COMPLETE-SET-AND-BULK_mOTU_407,2
COMPLETE-SET-AND-BULK_mOTU_692,2
COMPLETE-SET-AND-BULK_mOTU_593,2
COMPLETE-SET-AND-BULK_mOTU_422,2
COMPLETE-SET-AND-BULK_mOTU_073,2
COMPLETE-SET-AND-BULK_mOTU_761,2
COMPLETE-SET-AND-BULK_mOTU_712,2
COMPLETE-SET-AND-BULK_mOTU_839,2
COMPLETE-SET-AND-BULK_mOTU_012,2
COMPLETE-SET-AND-BULK_mOTU_870,2
COMPLETE-SET-AND-BULK_mOTU_808,2
COMPLETE-SET-AND-BULK_mOTU_655,2
COMPLETE-SET-AND-BULK_mOTU_901,2
COMPLETE-SET-AND-BULK_mOTU_740,2
COMPLETE-SET-AND-BULK_mOTU_792,2
COMPLETE-SET-AND-BULK_mOTU_190,2
COMPLETE-SET-AND-BULK_mOTU_741,2
COMPLETE-SET-AND-BULK_mOTU_078,2
COMPLETE-SET-AND-BULK_mOTU_159,2
COMPLETE-SET-AND-BULK_mOTU_831,2
COMPLETE-SET-AND-BULK_mOTU_584,2
COMPLETE-SET-AND-BULK_mOTU_905,2
COMPLETE-SET-AND-BULK_mOTU_316,2
COMPLETE-SET-AND-BULK_mOTU_023,2
COMPLETE-SET-AND-BULK_mOTU_694,2
COMPLETE-SET-AND-BULK_mOTU_074,2
COMPLETE-SET-AND-BULK_mOTU_591,2
COMPLETE-SET-AND-BULK_mOTU_118,2
COMPLETE-SET-AND-BULK_mOTU_526,2
COMPLETE-SET-AND-BULK_mOTU_140,2
COMPLETE-SET-AND-BULK_mOTU_561,2
COMPLETE-SET-AND-BULK_mOTU_375,2
COMPLETE-SET-AND-BULK_mOTU_829,2
COMPLETE-SET-AND-BULK_mOTU_547,2
COMPLETE-SET-AND-BULK_mOTU_605,2
COMPLETE-SET-AND-BULK_mOTU_156,2
COMPLETE-SET-AND-BULK_mOTU_399,2
COMPLETE-SET-AND-BULK_mOTU_773,2
COMPLETE-SET-AND-BULK_mOTU_841,2
COMPLETE-SET-AND-BULK_mOTU_578,2
COMPLETE-SET-AND-BULK_mOTU_333,2
COMPLETE-SET-AND-BULK_mOTU_651,2
COMPLETE-SET-AND-BULK_mOTU_497,2
COMPLETE-SET-AND-BULK_mOTU_827,2
COMPLETE-SET-AND-BULK_mOTU_401,2
COMPLETE-SET-AND-BULK_mOTU_393,2
COMPLETE-SET-AND-BULK_mOTU_464,2
COMPLETE-SET-AND-BULK_mOTU_817,1
COMPLETE-SET-AND-BULK_mOTU_000,1
COMPLETE-SET-AND-BULK_mOTU_490,1
COMPLETE-SET-AND-BULK_mOTU_241,1
COMPLETE-SET-AND-BULK_mOTU_749,1
COMPLETE-SET-AND-BULK_mOTU_084,1
COMPLETE-SET-AND-BULK_mOTU_892,1
COMPLETE-SET-AND-BULK_mOTU_459,1
COMPLETE-SET-AND-BULK_mOTU_862,1
COMPLETE-SET-AND-BULK_mOTU_821,1
COMPLETE-SET-AND-BULK_mOTU_479,1
COMPLETE-SET-AND-BULK_mOTU_898,1
COMPLETE-SET-AND-BULK_mOTU_457,1
COMPLETE-SET-AND-BULK_mOTU_025,1
COMPLETE-SET-AND-BULK_mOTU_458,1
COMPLETE-SET-AND-BULK_mOTU_607,1
COMPLETE-SET-AND-BULK_mOTU_028,1
COMPLETE-SET-AND-BULK_mOTU_778,1
COMPLETE-SET-AND-BULK_mOTU_048,1
COMPLETE-SET-AND-BULK_mOTU_556,1
COMPLETE-SET-AND-BULK_mOTU_549,1
COMPLETE-SET-AND-BULK_mOTU_851,1
COMPLETE-SET-AND-BULK_mOTU_128,1
COMPLETE-SET-AND-BULK_mOTU_592,1
COMPLETE-SET-AND-BULK_mOTU_864,1
COMPLETE-SET-AND-BULK_mOTU_478,1
COMPLETE-SET-AND-BULK_mOTU_600,1
COMPLETE-SET-AND-BULK_mOTU_027,1
COMPLETE-SET-AND-BULK_mOTU_550,1
COMPLETE-SET-AND-BULK_mOTU_602,1
COMPLETE-SET-AND-BULK_mOTU_415,1
COMPLETE-SET-AND-BULK_mOTU_644,1
COMPLETE-SET-AND-BULK_mOTU_857,1
COMPLETE-SET-AND-BULK_mOTU_873,1
COMPLETE-SET-AND-BULK_mOTU_191,1
COMPLETE-SET-AND-BULK_mOTU_718,1
COMPLETE-SET-AND-BULK_mOTU_809,1
COMPLETE-SET-AND-BULK_mOTU_286,1
COMPLETE-SET-AND-BULK_mOTU_242,1
COMPLETE-SET-AND-BULK_mOTU_855,1
COMPLETE-SET-AND-BULK_mOTU_454,1
COMPLETE-SET-AND-BULK_mOTU_259,1
COMPLETE-SET-AND-BULK_mOTU_850,1
COMPLETE-SET-AND-BULK_mOTU_514,1
COMPLETE-SET-AND-BULK_mOTU_119,1
COMPLETE-SET-AND-BULK_mOTU_895,1
COMPLETE-SET-AND-BULK_mOTU_845,1
COMPLETE-SET-AND-BULK_mOTU_762,1
COMPLETE-SET-AND-BULK_mOTU_626,1
COMPLETE-SET-AND-BULK_mOTU_628,1
COMPLETE-SET-AND-BULK_mOTU_810,1
COMPLETE-SET-AND-BULK_mOTU_389,1
COMPLETE-SET-AND-BULK_mOTU_707,1
COMPLETE-SET-AND-BULK_mOTU_467,1
COMPLETE-SET-AND-BULK_mOTU_331,1
COMPLETE-SET-AND-BULK_mOTU_700,1
COMPLETE-SET-AND-BULK_mOTU_640,1
COMPLETE-SET-AND-BULK_mOTU_890,1
COMPLETE-SET-AND-BULK_mOTU_771,1
COMPLETE-SET-AND-BULK_mOTU_614,1
COMPLETE-SET-AND-BULK_mOTU_863,1
COMPLETE-SET-AND-BULK_mOTU_204,1
COMPLETE-SET-AND-BULK_mOTU_668,1
COMPLETE-SET-AND-BULK_mOTU_372,1
COMPLETE-SET-AND-BULK_mOTU_598,1
COMPLETE-SET-AND-BULK_mOTU_501,1
COMPLETE-SET-AND-BULK_mOTU_621,1
COMPLETE-SET-AND-BULK_mOTU_207,1
COMPLETE-SET-AND-BULK_mOTU_013,1
COMPLETE-SET-AND-BULK_mOTU_673,1
COMPLETE-SET-AND-BULK_mOTU_703,1
COMPLETE-SET-AND-BULK_mOTU_871,1
COMPLETE-SET-AND-BULK_mOTU_485,1
COMPLETE-SET-AND-BULK_mOTU_711,1
COMPLETE-SET-AND-BULK_mOTU_883,1
COMPLETE-SET-AND-BULK_mOTU_779,1
COMPLETE-SET-AND-BULK_mOTU_725,1
COMPLETE-SET-AND-BULK_mOTU_169,1
COMPLETE-SET-AND-BULK_mOTU_751,1
COMPLETE-SET-AND-BULK_mOTU_487,1
COMPLETE-SET-AND-BULK_mOTU_881,1
COMPLETE-SET-AND-BULK_mOTU_790,1
COMPLETE-SET-AND-BULK_mOTU_534,1
COMPLETE-SET-AND-BULK_mOTU_799,1
COMPLETE-SET-AND-BULK_mOTU_484,1
COMPLETE-SET-AND-BULK_mOTU_897,1
COMPLETE-SET-AND-BULK_mOTU_734,1
COMPLETE-SET-AND-BULK_mOTU_896,1
COMPLETE-SET-AND-BULK_mOTU_666,1
COMPLETE-SET-AND-BULK_mOTU_625,1
COMPLETE-SET-AND-BULK_mOTU_542,1
COMPLETE-SET-AND-BULK_mOTU_774,1
COMPLETE-SET-AND-BULK_mOTU_530,1
COMPLETE-SET-AND-BULK_mOTU_686,1
COMPLETE-SET-AND-BULK_mOTU_383,1
COMPLETE-SET-AND-BULK_mOTU_832,1
COMPLETE-SET-AND-BULK_mOTU_379,1
COMPLETE-SET-AND-BULK_mOTU_738,1
COMPLETE-SET-AND-BULK_mOTU_087,1
COMPLETE-SET-AND-BULK_mOTU_560,1
COMPLETE-SET-AND-BULK_mOTU_652,1
COMPLETE-SET-AND-BULK_mOTU_429,1
COMPLETE-SET-AND-BULK_mOTU_166,1
COMPLETE-SET-AND-BULK_mOTU_727,1
COMPLETE-SET-AND-BULK_mOTU_468,1
COMPLETE-SET-AND-BULK_mOTU_882,1
COMPLETE-SET-AND-BULK_mOTU_691,1
COMPLETE-SET-AND-BULK_mOTU_852,1
COMPLETE-SET-AND-BULK_mOTU_072,1
COMPLETE-SET-AND-BULK_mOTU_567,1
COMPLETE-SET-AND-BULK_mOTU_486,1
COMPLETE-SET-AND-BULK_mOTU_582,1
COMPLETE-SET-AND-BULK_mOTU_443,1
COMPLETE-SET-AND-BULK_mOTU_702,1
COMPLETE-SET-AND-BULK_mOTU_305,1
COMPLETE-SET-AND-BULK_mOTU_295,1
COMPLETE-SET-AND-BULK_mOTU_249,1
COMPLETE-SET-AND-BULK_mOTU_309,1
COMPLETE-SET-AND-BULK_mOTU_769,1
COMPLETE-SET-AND-BULK_mOTU_630,1
COMPLETE-SET-AND-BULK_mOTU_781,1
COMPLETE-SET-AND-BULK_mOTU_202,1
COMPLETE-SET-AND-BULK_mOTU_572,1
COMPLETE-SET-AND-BULK_mOTU_573,1
COMPLETE-SET-AND-BULK_mOTU_708,1
COMPLETE-SET-AND-BULK_mOTU_828,1
COMPLETE-SET-AND-BULK_mOTU_681,1
COMPLETE-SET-AND-BULK_mOTU_551,1
COMPLETE-SET-AND-BULK_mOTU_785,1
COMPLETE-SET-AND-BULK_mOTU_506,1
COMPLETE-SET-AND-BULK_mOTU_090,1
COMPLETE-SET-AND-BULK_mOTU_052,1
COMPLETE-SET-AND-BULK_mOTU_608,1
COMPLETE-SET-AND-BULK_mOTU_505,1
COMPLETE-SET-AND-BULK_mOTU_860,1
COMPLETE-SET-AND-BULK_mOTU_168,1
COMPLETE-SET-AND-BULK_mOTU_412,1
COMPLETE-SET-AND-BULK_mOTU_874,1
COMPLETE-SET-AND-BULK_mOTU_252,1
COMPLETE-SET-AND-BULK_mOTU_322,1
COMPLETE-SET-AND-BULK_mOTU_804,1
COMPLETE-SET-AND-BULK_mOTU_800,1
COMPLETE-SET-AND-BULK_mOTU_493,1
COMPLETE-SET-AND-BULK_mOTU_724,1
COMPLETE-SET-AND-BULK_mOTU_363,1
COMPLETE-SET-AND-BULK_mOTU_348,1
COMPLETE-SET-AND-BULK_mOTU_637,1
COMPLETE-SET-AND-BULK_mOTU_063,1
COMPLETE-SET-AND-BULK_mOTU_570,1
COMPLETE-SET-AND-BULK_mOTU_830,1
COMPLETE-SET-AND-BULK_mOTU_706,1
COMPLETE-SET-AND-BULK_mOTU_796,1
COMPLETE-SET-AND-BULK_mOTU_267,1
COMPLETE-SET-AND-BULK_mOTU_699,1
COMPLETE-SET-AND-BULK_mOTU_765,1
COMPLETE-SET-AND-BULK_mOTU_726,1
COMPLETE-SET-AND-BULK_mOTU_813,1
COMPLETE-SET-AND-BULK_mOTU_834,1
COMPLETE-SET-AND-BULK_mOTU_522,1
COMPLETE-SET-AND-BULK_mOTU_728,1
COMPLETE-SET-AND-BULK_mOTU_435,1
COMPLETE-SET-AND-BULK_mOTU_784,1
COMPLETE-SET-AND-BULK_mOTU_260,1
COMPLETE-SET-AND-BULK_mOTU_576,1
COMPLETE-SET-AND-BULK_mOTU_722,1
COMPLETE-SET-AND-BULK_mOTU_795,1
COMPLETE-SET-AND-BULK_mOTU_543,1
COMPLETE-SET-AND-BULK_mOTU_629,1
COMPLETE-SET-AND-BULK_mOTU_489,1
COMPLETE-SET-AND-BULK_mOTU_685,1
COMPLETE-SET-AND-BULK_mOTU_201,1
COMPLETE-SET-AND-BULK_mOTU_518,1
COMPLETE-SET-AND-BULK_mOTU_345,1
COMPLETE-SET-AND-BULK_mOTU_824,1
COMPLETE-SET-AND-BULK_mOTU_557,1
COMPLETE-SET-AND-BULK_mOTU_299,1
COMPLETE-SET-AND-BULK_mOTU_730,1
COMPLETE-SET-AND-BULK_mOTU_900,1
COMPLETE-SET-AND-BULK_mOTU_594,1
COMPLETE-SET-AND-BULK_mOTU_714,1
COMPLETE-SET-AND-BULK_mOTU_757,1
COMPLETE-SET-AND-BULK_mOTU_639,1
COMPLETE-SET-AND-BULK_mOTU_876,1
COMPLETE-SET-AND-BULK_mOTU_105,1
COMPLETE-SET-AND-BULK_mOTU_752,1
COMPLETE-SET-AND-BULK_mOTU_777,1
COMPLETE-SET-AND-BULK_mOTU_339,1
COMPLETE-SET-AND-BULK_mOTU_868,1
COMPLETE-SET-AND-BULK_mOTU_904,1
COMPLETE-SET-AND-BULK_mOTU_360,1
